Split,No,input_text,fallacy_type,a_annotator 1,a'_annotator 1,c_annotator 1,c'_annotator 1,x_annotator 1,template_annotator_1,is_arg_consequences_annotator_1,template_annotator_2,is_arg_consequences_annotator_2,a_annotator_2,a'_annotator_2,c_annotator_2,c'_annotator_2,x_annotator_2
Dev,1,We either have to cut taxes or leave a huge debt for our children.,False Dilemma,Cut taxes,,huge debt,,,2,YES,2,YES,cut taxes,,leave a huge debt for our children,,
Dev,2,"""The only solutions I can see to climate change is either mass extinction of humans, or passing this green bill.""",False Dilemma,mass extinction,,climate change,,,2,YES,2,YES,green bill,,mass extinction of humans,,
Dev,3,"""Either we re-elect Mayor Ruiz, or we watch our city fall to pieces"" is an example of",False Dilemma,re-elect Mayor Ruiz,,our city fall to pieces,,,2,YES,2,YES,re-elect Mayor Ruiz,,watch our city fall to pieces,,
Dev,4,It is an example of,False Dilemma,,,,,,5,NO,5,NO,,,,,
Dev,5,"Look, you are going to have to make up your mind. Either you decide that you can afford this stereo, or you decide you are going to do without music for a while",False Dilemma,afford stereo,,music,,,1,YES,2,YES,afford this stereo,,do without music for a while,,
Dev,6,Either you love me or you hate me.,False Dilemma,love,,hate,,,2,YES,2,YES,love me,,hate me,,
Dev,7,"""Either we have the full football season or we scrap it altogether and have zero football"" IS an example of what fallacy?",False Dilemma,full football season,,Scrap football,,,2,YES,2,YES,have the full football season,,have zero football,,
Dev,8,"There are two kinds of people in this world: those who like penguins, and those who are terrible monsters.",False Dilemma,like penguins,,being terrible monster,,,2,YES,2,YES,like penguins,,terrible monsters,,
Dev,9,"I thought you were a good person, but you were not at church today.",False Dilemma,good person,,church,,,1,YES,1,YES,church,,good person,,
Dev,10,"Iâ€™m raising funds to help cure XYZ disease. If you donâ€™t donate, then youâ€™re part of the problem.",False Dilemma,not donate,,problem,,,4,YES,4,YES,don't donate,,you're part of the problem,,
Dev,11,Purchase our product or no one is going to think youâ€™re attractive.,False Dilemma,purchase our product,,attractive,,,1,YES,2,YES,purchase our product,,no one is going to think you're attractive,,
Dev,12,"All of my friends are coming to my birthday party. If Micah doesn't, she might as well tell me that she doesn't like me.",False Dilemma,Coming to my birthday party,,like,,,1,YES,2,YES,coming to my birthday party,,doesn't like me,,
Dev,13,We either ban hairspray or the world will end.,False Dilemma,ban hairspray,,world end,,,2,YES,4,YES,hairspray,,the world will end,,
Dev,14,"I thought you were a good person, but you werenâ€™t at church today.",False Dilemma,good person,,church,,,2,YES,1,YES,church,,good person,,
Dev,15,"""You can be a good politician and play dirty or you can drop out.""",False Dilemma,good politician and play dirty,,drop out,,,2,YES,2,YES,be a good politician and play dirty,,you can drop out,,
Dev,16,"Student: You didn't teach us this; we never learned this.
 
 Teacher: So, you're either lazy or unwilling to learn is that right?",False Dilemma,lazy,,unwilling to learn,,,5,NO,4,YES,unwilling to learn,,never learned this,,
Dev,17,"Speaker 1: Iâ€™m against the war.
 Speaker 2: You must hate our troops.",False Dilemma,againts war,,hate our troops,,,4,YES,5,NO,hate our troops,,against the war,,
Dev,18,Vote for me or live through four more years of higher taxes.,False Dilemma,vote me,,four more years of higher taxes,,,2,YES,2,YES,vote for me,,live through four more years of higher taxes,,
Dev,19,"I'm raising money to help cure XYZ disease. If you do not donate, you are part of the problem.",False Dilemma,not donate,,problem,,,4,YES,4,YES,don't donate,,you're part of the problem,,
Dev,20,"Either support gun confiscation or have the government provide everyone with his own private nuclear warhead, you decide which one.",False Dilemma,support gun confiscation,,private nuclear warhead,,,3,YES,3,YES,support gun confiscation,,have the government provide everyone with his own private nuclear warhead,,
Dev,21,"Either we go to war, or we appear weak",False Dilemma,war,,appear weak,,,2,YES,2,YES,go to war,,appear weak,,
Dev,22,"If Mom didn't turn off the air conditioner, then clearly she must be too hot.",False Dilemma,turn off air conditioner,,hot,,,4,YES,5,NO,,,,,
Dev,23,You can either support our police or Black Lives Matter.,False Dilemma,support our police,,black lives matter,,,2,YES,2,YES,support our police,,Black Lives Matter,,
Dev,24,Force people to choose between two extreme choices intentionally ignoring the whole spectrum of other possibilities.,False Dilemma,Force people to choose ,,whole spectrum of other possibilities,,,3,YES,4,YES,force people to choose between two extreme choices,,intentionally ignoring the whole spectrum of other possibilities,,
Dev,25,"â€œEat great food at our restaurant, or eat sad, boring meals at home.â€",False Dilemma,eat foot at restaurant,,"eat sad,boring meals at home",,,2,YES,2,YES,eat great food at our restaurant,,"eat sad, boring meals at home",,
Dev,26,"""The academic decathlon, Mr. Iglesias? That's a rich kid thing.""",False Dilemma,academic decathlon,,rich kid thing,,,4,YES,4,YES,academic decathlon,,rich kid thing,,
Dev,27,"I'm raising funds to help cure XYZ disease. If you don't donate, then you're part of the problem.",False Dilemma,not donate,,problem,,,4,YES,4,YES,don't donate,,you're part of the problem,,
Dev,28,"Look, you are going to have to make up your mind. Either, you decide that you can afford this stereo, or your decide that you are going to have to go without music for a while.",False Dilemma,afford stereo,,music,,,1,YES,2,YES,afford this stereo,,do without music for a while,,
Dev,29,"Unless you can close your eyes to abuse, write a check to save this puppy.",False Dilemma,close your eyes to abuse,,puppy,,,1,YES,2,YES,write a check to save this puppy,,abuse,,
Dev,30,Either we go to war or we appear weak.,False Dilemma,war,,appear weak,,,2,YES,2,YES,go to war,,appear weak,,
Dev,31,"Lisa is trying to raise money for her university's library. In her address to the board of trustees, she says, ""We must raise tuition to cover the cost of new books. Otherwise, the school library will close!""
 Of what fallacy is this an example?",False Dilemma,raise tuition,,school library,,,1,YES,2,YES,raise tuition to cover the cost of new books,,school library will close,,
Dev,32,"Senator Jill: ""We'll have to cut education funding this year.""
 Senator Bill: ""Why?""
 Senator Jill: ""Well, either we cut the social programs or we live with a huge deficit and we can't live with the deficit.""",False Dilemma,cut the social programs,,huge deficit,,,2,YES,2,YES,cut the social programs,,live with a huge deficit,,
Dev,33,"""Either the city should provide recycling bins or throw out the Recycling Act"" is an example of:",False Dilemma,recycling bins,,recycling act,,,1,YES,2,YES,provide recycling bins,,throw out the Recycling Act,,
Dev,34,Either we pass this ordinance or there will be rioting in the streets.,False Dilemma,pass this ordinance,,riot,,,2,YES,2,YES,pass this ordiance,,rioting in the streets,,
Dev,35,"""Either you recycle or you don't care about human life.""",False Dilemma,recycle,,don't care about human life,,,2,YES,2,YES,recycle,,don't care about human life,,
Dev,36,"The museum's new gemstones and precious minerals exhibit needs more security guards. If you don't agree, then you must be planning to steal a piece of the exhibit",False Dilemma,more security guard,,steal,,,2,YES,2,YES,museum's new gemstones and precious minerals exhibit needs more security guards,,planning to steal a piece of the exhibit,,
Dev,37,"""Every person is either my enemy or my friend. If are my enemy I should hate them. If they are my friend I should love them So I should either love them or hate them.""",False Dilemma,love,,hate,,,2,YES,2,YES,love them,,hate them,,
Dev,38,You're with us or you're against us.,False Dilemma,with us,,against us,,,2,YES,2,YES,you're with us,,you're against us,,
Dev,39,Too much candy can cause cavities. You should avoid eating any candy unless you want cavities.,False Dilemma,avoid eating candy,,cavities,,,2,YES,2,YES,avoid eating candy,,cavities,,
Dev,40,"If it wasn't a missile, a bomb, or mechanical failure, then all that's left is a meteorite.",False Dilemma,"missile,bom,or mechanical failure",,meteorite,,,5,NO,5,NO,,,,,
Dev,41,Either you are with me or you are against me.,False Dilemma,with me,,against me,,,2,YES,2,YES,with me,,against me,,
Dev,42,You either are for us or you are all against,False Dilemma,for us,,against,,,2,YES,2,YES,for us,,all against,,
Dev,43,"Dad, either you let me go to the party or you're a bad dad.",False Dilemma,let me go the party,,bad dad,,,2,YES,2,YES,go to the party,,bad dad,,
Dev,44,You are either with God or against him.,False Dilemma,god,,againts him,,,2,YES,2,YES,with God,,against him,,
Dev,45,"This tactic plays upon a viewer's lack of knowledge by forcing the idea that the situation is static. Unless the audience is well-informed and aware of this deception, they may think that they have only two choices.",False Dilemma,Forcing idea tactic,,well informed,,,2,YES,2,YES,audience is well-informed,,deception,,
Dev,46,Your either for America or against her!!!,False Dilemma,america,,againts her,,,2,YES,2,YES,for America,,against her,,
Dev,47,"""America: Love it or leave it""
 This is an example of which kind of logical fallacy?",False Dilemma,love ,,leave,,,2,YES,2,YES,Love it,,Leave it,,
Dev,48,"""To get better schools, we have to raise taxes. If we don't, we can't have better schools.""",False Dilemma,raise taxes,,school,,,1,YES,2,YES,raise taxes,,can't have better schools,,
Dev,49,"These test results are clearly wrong, and it must be either because the client was malingering or because I bungled the test administration. Taking another look at the test manual, I see now that I bungled the test administration. Therefore the client was not malingering.",False Dilemma,bungled the test administration,,Malingering,,,5,NO,5,NO,,,,,
Dev,50,"""Either you are for us, or you're against us!""",False Dilemma,for us,,againts us,,,2,YES,2,YES,for us,,against us,,
Dev,51,"I know five people from Kentucky. They are all racists. Therefore, Kentuckians are racist.",Faulty Generalization,kentuckians,five people from kentucky,racist,,,2,YES,2,YES,Kentucky,five people from Kentucky,racists,,
Dev,52,"If we use one more can of hairspray this month, the ozone layer will not exist, and we will not exist!",Faulty Generalization,hairspray,,we will not exist,ozone layer will not exist,,2,YES,1,YES,hairspray,one more can of hairspray this month,ozone layer,,
Dev,53,Teenagers are too immature and self-absorbed to understand anything about global issues.,Faulty Generalization,glocal issue,,teenagers,,,5,NO,5,NO,,,,,
Dev,54,"The use of laptops and other devices to replace books in the classroom would eventually lead to the downfall of printing and publishing companies, causing many people to be laid off from their jobs. As such, schools should stick to using printed books as study materials.",Faulty Generalization,laptops,,jobs,printing and publishing companies,,1,YES,1,YES,the use of laptops and other devices,,jobs,printing and publishing companies,
Dev,55,"James, the company you work for just filed for bankruptcy! How can I trust you with our money?",Faulty Generalization,company,james,bankruptcy,,,2,YES,1,YES,James,company you work for just filed for bankruptcy,trust you with our money,,
Dev,56,All required university courses are boring.,Faulty Generalization,required university courses,,Boring,,,5,NO,2,YES,all required university courses,university courses,boring,,
Dev,57,"My friend swears the mechanic at that shop overcharged her last week and after looking at her invoice it seems sheâ€™s right. So donâ€™t take your business there, as youâ€™ll definitely get ripped off.",Faulty Generalization,shop,mechanic,overcharging,overcharging my friend,,2,YES,1,YES,shop,mechanic,overcharging,overcharging friend,
Dev,58,"My roommate said her philosophy class was difficult, and the one Iâ€™m in is difficult, too. All philosophy classes must be hard.",Faulty Generalization,philosophy classes,my roommate philosophy class,difficult,,,2,YES,1,YES,all philosophy classes,her philosophy class,roommate,,
Dev,59,"Pizza has ingredients from all the food groups. Therefore, pizza must be healthy.",Faulty Generalization,pizza,pizza ingredients,healthy,,,3,YES,3,YES,pizza,ingredients from all the food groups,healthy,,
Dev,60,You didn't remember to take out the trash this morning. It will pile up and the neighbors will complain and the health inspectors will come and take away the kids.,Faulty Generalization,take out trash this morning,,health inspectors come and take away the kids,neighbors complain,,4,YES,4,YES,take out the trash,you didn't remember to take out the trash this morning,pile up,,
Dev,61,"If you eat a good diet, you will never have a heart attack.",Faulty Generalization,good diet,,heart attack,,,5,NO,3,YES,good diet,,will never have a heart attack,you will never have a heart attack,
Dev,62,"This crash will likely damage the reputation of Malaysia Airlines, which will hurt the tourism industry of Malaysia and ruin their economy.",Faulty Generalization,this crash,,tourism industry of malaysia,reputation of malaysia airlines,,1,YES,2,YES,crash,This crash,tourism industry of Malaysia,,
Dev,63,"In both of the murder mysteries I have read, the District Attorney was the culprit. All mystery writers like to make lawyers out to be villains.",Faulty Generalization,mystery writers ,murder mysteries i have read,lawyers,,,1,YES,1,YES,mystery writers,all mystery writers,lawyers,,
Dev,64,The United States is the wealthiest nation in the world. So every American is wealthy.,Faulty Generalization,american,The United States,wealthy,,,3,YES,3,YES,United States,American,wealthiest nation in the world,,
Dev,65,Alissa has class with a football player who is a class clown. He disrupts the class and is failing. Alissa decides all football players are not serious students.,Faulty Generalization,football players,alissa football player classmate,not serious,,,2,YES,2,YES,all football players,alissa has a class with a football player,disrupts the class,,
Dev,66,"If I don't take this AP class, then I won't do well on the exam. If I don't do well on the AP exam, then I can't get into a good college. If I can't get into a good college, then I'll never get a good job. If I can't get a good job, then I'm going to have to live in my parents' basement forever. Guess I'll sign up for the AP class.",Faulty Generalization,AP class,,live in my parents basement forever,won't do well on the exam,,4,YES,4,YES,sign up for the AP class,,can't get into a good college,live in my parent's basement,
Dev,67,"""Four out of five dentists recommend Happy Glossy toothpaste. Therefore, it must be great.""",Faulty Generalization,Happy glossy toothpaste,,,4 out of 5 dentists,,5,NO,3,YES,Happy Glossy toothpaste,,dentists,four out of five dentists,
Dev,68,"She has always associated with shady people, so she must not be trustworthy.",Faulty Generalization,she,associated with shady people,trustworthy,,,1,YES,1,YES,associated with shady people,she has always associated with shady people,trustworthy,,
Dev,69,"A car makes less pollution than a bus. Therefore, cars are less of a pollution problem than buses",Faulty Generalization,car,cars,pollution,,,4,YES,2,YES,buses,car,pollution,,
Dev,70,"Sam is riding her bike in her home town in Maine, minding her own business. A station wagon comes up behind her and the driver starts beeping his horn and then tries to force her off the road. As he goes by, the driver yells ""get on the sidewalk where you belong!"" Sam sees that the car has Ohio plates and concludes that all Ohio drivers are jerks.",Faulty Generalization,Ohio drivers,the driver that use ohio plates,jerks,,,2,YES,2,YES,Ohio drivers,Same sees that the car has Ohio plates,jerks,,
Dev,71,"If we let the government implant tracking devices in criminals, it's not going to stop there! They're going to want to track us at work, our school children, and then eventually everyone!",Faulty Generalization,implant tracking devices,,everyone,criminals,,1,YES,1,YES,let the government implant tracking devices,,criminals,children,
Dev,72,"I saw two women get in a car accident. Therefore, all women are bad drivers",Faulty Generalization,women,two women,bad drivers,car accident,,2,YES,2,YES,women,two women,car accident,,
Dev,73,"Broccoli has significantly less fat than the leading candy bar! Plus, it's nowhere near as hot as Hot Cheetos!",Faulty Generalization,broccoli,,fat,,,5,NO,4,YES,broccoli,,leading candy bar,,
Dev,74,"""That new home looks great! Let's buy it!""",Faulty Generalization,,,,,,5,NO,5,NO,,,,,
Dev,75,"After I listened to the first song of my favorite musicianâ€™s new vinyl record, I knew Iâ€™d hate the entire record, so I converted it into a Frisbee.",Faulty Generalization,entire record,first song,hate,,,2,YES,2,YES,favorite musician's new vinyl record,,first song,entire record,
Dev,76,"""If I raise you, I must raise everyone, and then the company goes bankrupt.""",Faulty Generalization,raise everyone,raise you,bankrupt,,,2,YES,2,YES,raise you,raise everyone,company goes bankrupt,,
Dev,77,Atheists are morally bankrupt.,Faulty Generalization,,,,,,5,NO,5,NO,,,,,
Dev,78,French people are great at kissing. Julie is French. Get me a date!,Faulty Generalization,French people,Julie,great at kissing,,,3,YES,3,YES,french people,julie,kissing,,
Dev,79,"First we handed out I-pads, now we use Quizizz, next we'll have robot subs!",Faulty Generalization,robot subs,i-pads,,,,5,NO,3,YES,robot subs,i-pads,we,,
Dev,80,"Even though it's only the first day, I can tell this is going to be a boring course.",Faulty Generalization,,first day,boring course,,,5,NO,1,YES,this,,first day,course,
Dev,81,"Eugene is silly in class. Harry is his friend, so Harry must be silly, too.",Faulty Generalization,Eugene,Harry,silly,,,2,YES,3,YES,Harry,Eugene,silly,,
Dev,82,"My parents are democrats, and they are good people. Therefore, all democrats must be good people.",Faulty Generalization,democrats,my parents,good people,,,3,YES,3,YES,democrats,my parents,good people,,
Dev,83,"Laura is the class president. She believes that the class should sponsor a dance as a fundraiser. Then she learns that a group of girls that she doesn't like also support the idea of a dance as a fundraiser. So, Laura changes her mind and decides that the class should plan a race instead.",Faulty Generalization,race,,class,group of girls,,3,YES,5,NO,,,,,
Dev,84,Did you really vote for Donald as class treasurer? Didn't you hear that his uncle was imprisoned for embezzling $1.5 million?,Faulty Generalization,vote for donald as class treasurer,his uncle,embezzling ,,,2,YES,1,YES,Donald as class treasurer,his uncle was imprisoned,you,,
Dev,85,"If we allow a housing development to be built on Sunny Lake, a resort will come next, and soon we wonâ€™t have any wilderness left!",Faulty Generalization,housing development,resort,wilderness,,,1,YES,5,NO,,,,,
Dev,86,"Trying to finish a marathon is impossible, I know because I tried it once.",Faulty Generalization,finish marathon,,impossible,I,,5,NO,2,YES,marathon,i tried it once,impossible,,
Dev,87,"That German, Fred, stole my wallet. All Germans are thieves.",Faulty Generalization,Germans,Fred,Stole my wallet,,,2,YES,2,YES,Germans,Fred,stole my wallet,,
Dev,88,"The more things change, the more they remain the same.",Faulty Generalization,,,,,,5,NO,5,NO,,,,,
Dev,89,"Running in the halls at school is against the rules. Therefore, the indoor track team should be written up.",Faulty Generalization,written up,,,,,5,NO,5,NO,,,,,
Dev,90,"I saw a student texting in my class yesterday; all my students must be texting, so cell phones should be banned.",Faulty Generalization,banned cell phones,,all my students must be texting,saw student texting in my class,,4,YES,1,YES,cell phones should be banned,,all my students,student,
Dev,91,We canâ€™t freeze the academic year because then students wonâ€™t graduate on time. Next thing you know most people will be unemployed and will resort to crime. The crime rate will skyrocket and society will collapse.,Faulty Generalization,freeze academic year,,crime rate will skyrocket,student wont graduate on time,,2,YES,1,YES,freeze the academic year,,students,crime rate,
Dev,92,"If we allow our 14 year-old to have her first date tonight, what's next? A wedding, kids?",Faulty Generalization,date,wedding,our 14 year old kids,,,1,YES,5,NO,,,,,
Dev,93,"If we put limits on the right to bear arms, soon all of our Constitutionally-given rights will be taken away.",Faulty Generalization,constitutionally,limits on the right to bear arms,rights,,,1,YES,5,NO,,,,,
Dev,94,No one in your family surfs? But I thought you said you lived in California before this.,Faulty Generalization,california,your familly,surfs,,,5,NO,3,YES,California,you lived in California,surfs,,
Dev,95,"This new test seemed so promising, but the 3 studies that supported its validity turned out to have critical methodological flaws, so the test is probably not valid.",Faulty Generalization,new test,3 new studies,valid,,,1,YES,2,YES,test,,critical methodolical flaws,3 studies that supported its validity turned out to have critical methodological flaws,
Dev,96,"My sister loves shopping, so all girls must love to shop too.",Faulty Generalization,girls,sister,shopping,,,3,YES,3,YES,to shop,,all girls,my sister,
Dev,97,Two members of my team have become more engaged employees after taking public speaking classes. That proves we should have mandatory public speaking classes for the whole company to improve employee engagement.,Faulty Generalization,mandatory public speaking class,,whole company,two member of my team,,3,YES,3,YES,have mandatory public speaking classes,,whole company,two members of my team,
Dev,98,"If we ban Hummers because they are bad for the environment, eventually the government will ban all cars, so we should not ban Hummers.",Faulty Generalization,ban hummers,ban cars,environment,,,1,YES,1,YES,ban hummers,government will ban all cars,environment,,
Dev,99,"""You were late tonight. You must be cheating!""",Faulty Generalization,you,,cheat,late,,2,YES,2,YES,late,you were late,cheating,,
Dev,100,All football players are dumb jocks.,Faulty Generalization,football players,,dumb,,,5,NO,2,YES,all football players,football players,dumb,,
Dev,101,"The best example of this fallacy is presented by the person who coined this term, Nassim Nicholas Taleb in his 2007 book, The Black Swan. There are two people",False Causality,,,,,,5,NO,5,NO,,,,,
Dev,102,"""I drank bottled water and now I am sick, so the water must have made me sick.""",False Causality,drink water,sick,,,,2,YES,2,YES,drank bottled water,,sick,,
Dev,103,"P1. A sedentary lifestyle contributes to obesity.
 P2. People have become more sedentary in the last few decades.
 C. Therefore, the rise in obesity can be fixed by people getting more exercise.",False Causality,exercise,obesity,,,,4,YES,4,YES,people getting more exercise,,the rise in obesity,,
Dev,104,"Jimmy has a fever, sinus congestion, a cough, and canâ€™t come to school, so he probably has a test later today.",False Causality,fever,come to school,,,,1,YES,2,YES,test,,"fever, sinus congestion, a cough",,
Dev,105,"""The dinosaurs became extinct because they ate vegetables..."" is an example of what?",False Causality,vegetables,extinct,,,,2,YES,2,YES,vegetables,,dinousaurs became extinct,,
Dev,106,"Some students failed a test last week and they all had cell phones. Having cell phones, therefore, made them fail.",False Causality,cell phones,fail,,,,2,YES,2,YES,having cell phones,,students failed a test,,
Dev,107,"Red had come up six times in a row on the roulette wheel, so Greg knew that it was close to certain that black would be next up. Suffering an economic form of natural selection with this thinking, he soon lost all of his savings.",False Causality,knew that the roulette wheel was close,savings,,,,1,YES,1,YES,this thinking,,his savings,,
Dev,108,"P1. Smoking has been empirically proven to cause lung cancer.
 C. Therefore, if we eradicate smoking, we will eradicate lung cancer.",False Causality,eradicate smoking,lung cancer,,,,4,YES,4,YES,eradicate smoking,,lung cancer,,
Dev,109,Jack threw up because he ate Hot Cheetos.,False Causality,ate hot cheetos,threw up,,,,2,YES,2,YES,Hot Cheetos,,threw up,,
Dev,110,I passed my math test after going out to the movies the night before. I should go to the movies the night before every math test!,False Causality,go to the movies,passed my math test,,,,3,YES,3,YES,go to the movies the night before every math test,,passed my math test,,
Dev,111,"Before women got the vote, there were no nuclear weapons",False Causality,women vote,nuclear weapons,,,,2,YES,2,YES,women got the vote,,nuclear weapons,,
Dev,112,"a connection between two ideas that doesn't always mean that one causes the other (correlation vs. causation)
 
 una conexiÃ³n entre dos ideas que no siempre significa que una causa la otra (correlaciÃ³n vs. causaciÃ³n)",False Causality,,,,,,5,NO,5,NO,,,,,
Dev,113,"1. All the schools in the area had to kept closed for most part of the week.
 2. Many parents have withdrawn their children from the local schools.",False Causality,schools kept closed,many parents withdrawn their children,,,,2,YES,2,YES,all the schools in the area had to kept closed,,parents have withdrawn their children from the local schools,,
Dev,114,"â€œPresident Jones raised taxes, and then the rate of violent crime went up. Jones is responsible for the rise in crime.""",False Causality,raised taxes,violent crime,,,,2,YES,2,YES,Jones,,rise in crime,,
Dev,115,"Every time I wear this necklace, I pass my exams. Therefore, wearing this necklace causes me to pass my exams.",False Causality,wearing this necklace,pass my exams,,,,3,YES,3,YES,wearing this necklace,,pass my exams,,
Dev,116,"Our garage sale made lots of money before Joan showed up. Obviously, she scared off all the customers.",False Causality,joan,customers,,,,1,YES,2,YES,Joan,,scared off all the customers,,
Dev,117,The party was going great! Then Gerald showed up and little by little people started collecting their coats and heading home. Gerald ruined the party.,False Causality,gerald,party,,,,1,YES,2,YES,Gerald,,ruined the party,,
Dev,118,"I took a vitamin this morning and now Iâ€™m sick, so the vitamin must have made me ill.",False Causality,vitamin,ill,,,,2,YES,2,YES,vitamin,,sick,,
Dev,119,There was a thunderstorm with rain therefore I did not finish my homework.,False Causality,thunderstorm,homework,,,,1,YES,1,YES,thunderstorm with rain,,finish my homework,,
Dev,120,My child was diagnosed with autism after receiving vaccinations. That is proof that vaccines are to blame.,False Causality,vaccines,autism,,,,2,YES,2,YES,vaccines,,autism,,
Dev,121,Iâ€™ve never had the flu because I take my vitamins everyday.,False Causality,vitamins,flu,,,,4,YES,4,YES,vitamins,,flu,,
Dev,122,"Utah passed a strict gun-control law, and crime there decreased. Therefore, gun-control laws decrease crime.",False Causality,gun-control laws,crime,,,,4,YES,4,YES,gun controls laws,,crime,,
Dev,123,"â€œThe temperature has dropped this morning, and I also have a headache. Therefore, the cold weather must be causing my headache. â€œ",False Causality,cold weather ,headache,,,,2,YES,2,YES,cold weather,,headache,,
Dev,124,"earthquakes in the Andes were correlated with the closest approaches of the planet Uranus. Therefore, Uranus must have caused them.",False Causality,Uranus,earthquakes in the Andes,,,,2,YES,2,YES,Uranus,,earthquakes in the Andes,,
Dev,125,"The bigger a child's shoe size, the better the child's handwriting",False Causality,child's shoe size,child's handwriting,,,,3,YES,3,YES,the bigger a child's shoe size,,child's handwriting,,
Dev,126,very time Joe goes swimming he is wearing his Speedos. Something about wearing that Speedo must make him want to go swimming.,False Causality,wearing speedo,swimming,,,,3,YES,3,YES,Speedo,,swimming,,
Dev,127,"Every time I go to sleep, the sun goes down. Therefore, my sleeping causes the sun to set.",False Causality,sleeping,sun goes down,,,,3,YES,2,YES,my sleeping,,sun to set,,
Dev,128,"The flu vaccine comes out every year just before the holidays, then people go and spend a lot of money. Therefore, businesses are secretly using the flu vaccine as a mind control device to increase holiday spending.",False Causality,flue vaccine,holiday spending,,,,1,YES,2,YES,flu vaccine,,holiday spending,,
Dev,129,Billy murdered all those people because I spanked him when he was a child.,False Causality,spank,murder,,,,2,YES,2,YES,spanked,,billy murdered all those people,,
Dev,130,Incorrectly thinking that one thing leads to another,False Causality,incorrect thinking,another,,,,2,YES,5,NO,,,,,
Dev,131,"The economy continues to grow as the number of â€œlikesâ€ on my Instagram account continue to increase. Clearly, the two are linked.",False Causality,economy grow,number of like on instagram,,,,3,YES,3,YES,the number of likes on my Instagram account continue to increase,,economy,,
Dev,132,"""In its origins [AIDS] was entirely a disease of sodomites... That the first case was diagnosed a little over a decade after the so-called ""Gay Rights"" and ""Gay Pride"" movement gained momentum and force can hardly be coincidental."" - Harry Jaffa, Professor Emeritus of Political Philosophy at Claremont McKenna College",False Causality,gay,aids,,,,2,YES,2,YES,"""Gay Rights"" and ""Gay Pride"" movement",,AIDs,,
Dev,133,Joan is scratched by a cat while visiting her friend. Two days later she comes down with a fever. Joan concludes that the cat's scratch must be the cause of her illness.,False Causality,cat's scratch,fever,,,,2,YES,2,YES,cat's scratch,,fever,,
Dev,134,Suggesting that John F. Kennedy won the presidency over Richard Nixon exclusively because of the debate on TV,False Causality,debate on TV,won the presidency,,,,3,YES,3,YES,debate on TV,,won presidency,,
Dev,135,Every severe recession follows a Republican Presidency; therefore Republicans are the cause of recessions.,False Causality,rebulican,recessions,,,,2,YES,2,YES,Republicans,,recessions,,
Dev,136,Attributing the cause of World War II to only Adolf Hitler's hatred of the Jews,False Causality,world war II,hatred of the jews,,,,2,YES,2,YES,Adolf Hitler's hatred of the Jews,,World War II,,
Dev,137,"The report suggests that 'the rise in violent offending and the explosion in the sales of iPods and other portable media devices is more than coincidental,' and asks, rather provocatively, 'Is There an iCrime Wave?' The report notes that nationally, violent crime fell every year from 1993 to 2004, before rising in 2005 and 2006, just as 'Americaâ€™s streets filled with millions of people visibly wearing, and being distracted by, expensive electronic gear.'",False Causality,sales of ipods and other portable media devices,violent  ,,,,2,YES,2,YES,sales of iPods and other portable media,,violent crime,,
Dev,138,assumes that short-term deviations will correct themselves,False Causality,short-term deviations,correct,,,,3,YES,3,YES,short-term deviations,,correct themselves,,
Dev,139,"Maury: Please put all my chips on red 21.
 Dealer: Are you sure you want to do that? Red 21 just came up in the last spin.
 Maury: I didnâ€™t know that! Thank you! Put it on black 15 instead. I canâ€™t believe I almost made that mistake!",False Causality,Red 21 came up,mistake,,,,4,YES,2,YES,chips on red 21,,mistake,,
Dev,140,"I knew I should have helped that old lady across the road. Because I didnâ€™t, I have been having bad Karma all day.",False Causality,helped that old lady,karma,,,,4,YES,4,YES,helped that old lady across the road,,bad Karma,,
Dev,141,"Lois and Jan did a ""snow dance"" one afternoon, and it snowed that night. They claimed to have brought the snow.",False Causality,snow dance,snowed,,,,3,YES,3,YES,snow dance,,snow,,
Dev,142,"â€œPresident Jones raised taxes, and then the rate of violent crime went up. Jones is responsible for the rise in crime.â€",False Causality,raised taxes,violent crime,,,,2,YES,2,YES,Jones,,crime,,
Dev,143,"One day, Megan wore a Donald Duck t-shirt, and she got an Â¨AÂ¨ on her Chemistry test. Now she wears a Donald Duck t-shirt every day to Chemistry class. 
 Of what fallacy is this an example?",False Causality,Wore donald duck t-shirt,A on chemistry test,,,,3,YES,3,YES,wears a Donald Duck t-shirt,,A on her Chemistry test,,
Dev,144,"â€œPresident Jones raised taxes, and then the rate of violent crime went up. Therefore, I think Jones is responsible for the rise in crime.""",False Causality,raised taxes,violent crime,,,,2,YES,2,YES,Jones,,crime,,
Dev,145,"P1. Lead poisoning can contribute to violent behavior.
 P2. Many inner city children have dangerous levels of lead in their blood.
 C. Therefore, violent crime in the inner city can be solved by curing the lead problem.",False Causality,poisoning,violent crime,,,,2,YES,4,YES,curing the lead problem,,violent crime in the inner city,,
Dev,146,"The economy continues to grow as the number of likes on my Instagram account continue to increase. Clearly, the two are linked.",False Causality,economy grow,number of like on instagram,,,,3,YES,3,YES,the number of likes on my Instagram account continue to increase,,economy,,
Dev,147,"Dan White ate a lot of Twinkies and then killed the Mayor of San Francisco. If I were a mayor, Iâ€™d ban Twinkies so no one would kill me.",False Causality,ban twinkies,kill,,,,4,YES,4,YES,ban Twinkies,,kill me,,
Dev,148,The reason Donald Trump got elected was because liberals took political correctness too far.,False Causality,took political correctness,elected,,,,3,YES,2,YES,liberals took political correctness too far,,Donald Trump got elected,,
Dev,149,People who eat yogurt have healthy guts. If I eat yogurt I will never get sick.,False Causality,yogurt,sick,,,,4,YES,4,YES,eat yogurt,,sick,,
Dev,150,"Every sunrise, the rooster makes a sound. So it is the rooster which makes the sun rise.",False Causality,rooster,sun rise,,,,3,YES,3,YES,rooster,,sun rise,,
Dev,151,"Everyone in our family has gone to the University of Tennessee, so you need to apply to UT.",Fallacy of Credibility,University of Tennessee,,you,,familiy,3,YES,3,YES,apply to UT,,you,,everyone in our family
Dev,152,"""The art teacher spoke in the trial as a witness in support of testing perfumes on animals, and he persuaded me.""",Fallacy of Credibility,testing perfumes,,animals,,the art teacher,3,YES,1,YES,testing perfumes on animals,,animals,,art teacher
Dev,153,"How do I know the adult film industry is the third largest industry in the United States? Derek Shlongmiester, the adult film star of over 50 years, said it was. That's how I know.",Fallacy of Credibility,adult film industry,,derek shlongmiester,,industry,3,YES,3,YES,adult film industry,,largest industry in the United States,,Derek Shlongmiester
Dev,154,"""We're going to protest and not get in trouble because Mr. Iglesias said it's okay.""",Fallacy of Credibility,protest,,trouble,,mr iglesias,2,YES,3,YES,protest,,not get in trouble,,Mr. Iglesias
Dev,155,"I saw Ashton Kutcher in a commercial for male skin care. He's looking good for his age, so I'm willing to try the product. He must know what he's talking about.",Fallacy of Credibility,male skin care,,looking good,,ashton kutcher,3,YES,3,YES,male skin care,,age,,Ashton Kutcher
Dev,156,"I shop at Natural Happy Sunshine Store (NHSS), which is much better than your grocery store because at NHSS everything is natural including the 38-year-old store managerâ€™s long gray hair and saggy breasts.",Fallacy of Credibility,NHSS,,natural,,me,3,YES,3,YES,NHSS,,natural,,I
Dev,157,â€œThe purpose of the Cadet Program is to prepare youth for Air Force Basic Military Training.â€ REPLY: â€œThis is true because I heard it from the Wing Commander.â€,Fallacy of Credibility,cadet program,,youth,,wing commander,3,YES,3,YES,Cadet Program,,prepare youth for Air Force Basic Military,,Wing Commander
Dev,158,attaching an argument to a person of false or appeared authority in order to give credence to their argument,Fallacy of Credibility,,,,,,5,NO,5,NO,,,,,
Dev,159,"This herbal supplement is made from a plant that grows in Zambia. It must be healthier than taking that medication, which is full of chemicals I can't pronounce.",Fallacy of Credibility,herbal supplement,,healthier,,grows in Zambia,3,YES,2,YES,herbal supplement,,taking that medication,,grows in Zambia
Dev,160,Students never used to have cell phones so they don't need them now.,Fallacy of Credibility,need cell phones,,students,,me,1,YES,1,YES,cell phones,,students,,students never used to have cell phones
Dev,161,"I am committed to preserving traditional marriage, the union of one man and one woman.",Fallacy of Credibility,traditional marriage,,one man and one woman,,me,3,YES,3,YES,traditional marriage,,union of one man and one woman,,I
Dev,162,"Nature gives people diseases and sickness; therefore, it is morally wrong to interfere with nature and treat sick people with medicine.",Fallacy of Credibility,nature ,,disease,,me,4,YES,1,YES,medicine,,nature,,natures gives people diseases and sickness
Dev,163,"""Stephen Hawking in the smartest scientist on the planet, so if he says global warming is real, it must be true!""",Fallacy of Credibility,,,,,,5,NO,5,NO,,,,,
Dev,164,"Richard Dawkins, an evolutionary biologist and perhaps the foremost expert in the field, says that evolution is true. Therefore, it's true.",Fallacy of Credibility,,,,,,5,NO,5,NO,,,,,
Dev,165,"""We should abolish the death penalty. Many respected people, such as actor, Chewbacca, have publicly stated their opposition to it.""",Fallacy of Credibility,abolish death penalty,,we,,checbacca actor,3,YES,1,YES,abolish the death penalty,,We,,Chewbacca
Dev,166,We should move to the midwest because the Wall Street Journal says the cost of living is cheaper there.,Fallacy of Credibility,move to midwest,,cheaper cost of living,,wall street journal,3,YES,3,YES,move to the midwest,,cost of living,,Wall Street Journal
Dev,167,Skipping looking for a second opinion or evidence and just asking one doctor is what fallacy?,Fallacy of Credibility,skip looking for secong opinion,,ask doctor,,,5,NO,5,NO,,,,,
Dev,168,"I hold a doctorate in theology, have written 12 books, and personally met the Pope. Therefore, when I say that Jesusâ€™ favorite snack was raisins dipped in wine, you should believe me.",Fallacy of Credibility,believe me ,,you,,me,5,NO,3,YES,believe me,,you,,I
Dev,169,"Homosexuality is / ought to be morally wrong (moral property) because it is not normal (natural property).
 or
 Homosexuality is not normal (natural property); therefore, it is / ought to be morally wrong (moral property).",Fallacy of Credibility,,,,,,5,NO,5,NO,,,,,
Dev,170,"I think scientists are wrong. There is no such thing as global warming. I just finished talking to my boss, and he thought the idea was ridiculous.",Fallacy of Credibility,,,,,,5,NO,4,YES,scientists,,global warming,,boss
Dev,171,"""My brother's girlfriend's Mother's hairdresser said that COVID numbers are going down, so I'm not going to bother with my mask"" IS an example of this fallacy.",Fallacy of Credibility,COVID,,mask,,my brother's girlfriend's mother's,2,YES,2,YES,COVID numbers are going down,,mask,,brother's girlfriend's Mother's hairdresser
Dev,172,"Coke is not as healthy for you as Pepsi. Besides, Britney Spears drinks Pepsi, so it must be healthier than Coke.",Fallacy of Credibility,pepsi,,healthy,,britney spears,3,YES,3,YES,Pepsi,,you,,Britney Spears
Dev,173,"We should offer movies on our companyâ€™s website. REPLY: No, weâ€™ve built our companyâ€™s fortune by renting movies only through our stores.",Fallacy of Credibility,renting movies,,company fortune,,we,3,YES,3,YES,renting movies only through our stores,,company's fortune,,we
Dev,174,"I'm not a doctor, but I play one on the hit series, ""Bimbos and Studmuffins in the OR."" You can take it from me that when you need a safe and effective pain killer, there is nothing better then MorphiPill 2000. That is my professional medical opinion.",Fallacy of Credibility,morphipill 2000,,safe and effective pain killer,,me,3,YES,3,YES,Morphipill 2000,,safe an effective pain killer,,I
Dev,175,"â€œWe should abolish the death penalty. Many respected people, such as Imran Kader, have publicly stated their opposition to it.â€",Fallacy of Credibility,abolish the death penalty,,we,,Imran Kader,3,YES,1,YES,death penalty,,we,,Imran Kader
Dev,176,"Argues that ""we've always done it that way."" In other words, because something worked in the past, it is the correct thing to do.",Fallacy of Credibility,done it that way,,something worked in the past,,me,3,YES,3,YES,done it that way,,something worked,,we
Dev,177,"My philosophy professor believes in ghosts and goes to sÃ©ances. Sheâ€™s an intelligent, educated, person, so ghosts must be real, and spiritualism must be true.",Fallacy of Credibility,,,,,,5,NO,5,NO,,,,,
Dev,178,"You said that because an authority thinks something, it must therefore be true.",Fallacy of Credibility,,,,,,5,NO,5,NO,,,,,
Dev,179,"""If my years as a Marine taught me anything, it's that caution is the best policy in this sort of situation.""?",Fallacy of Credibility,caution,,best policy in this sort of situation,,my years as a marine,3,YES,3,YES,caution,,situation,,my years as a Marine
Dev,180,"Professor X holds that the use of non-invasive ventilation has no place in the management of ARDS; this, therefore, is the approach we should adopt.",Fallacy of Credibility,this approach,,management of ARDS,,Professor X,3,YES,3,YES,this,,management of ARDs,,Professor X
Dev,181,There is definitely a link between autism and the vaccines given to toddlers. I know this because a Wikipedia entry mentioned numerous studies that found this to be true.,Fallacy of Credibility,vaccines,,autism,,wikipedia,2,YES,2,YES,vaccines given to toddlers,,autism,,Wikipedia entry
Dev,182,If I made a reference to a monk I would most likely be utilizing...,Fallacy of Credibility,,,,,,5,NO,5,NO,,,,,
Dev,183,Albert Einstein was extremely impressed with this theory.,Fallacy of Credibility,,,,,,5,NO,5,NO,,,,,
Dev,184,"I have served over 20 years in the military, and based on my professional opinion, I believe more money needs to be spent on protective armor and military vehicles.",Fallacy of Credibility,spent on protective armor and military vehicles,,military,,me,3,YES,3,YES,more money needs to be spent on protective armor and military vehicles,,military,,I
Dev,185,You use support from someone who is a trustworthy expert.,Fallacy of Credibility,,,,,,5,NO,5,NO,,,,,
Dev,186,"People have believed that fish is ""brain food"" for decades, so I don't believe the FDA when they claim that eating fish does not enhance the intellect.",Fallacy of Credibility,fish,,enhance intellect,,people,3,YES,3,YES,fish,,enhance the intellect,,people
Dev,187,"Marriage has traditionally been between a man and a woman; therefore, gay marriage should not be allowed.",Fallacy of Credibility,gay marriage,,traditional marriage,,common knowledge,1,YES,1,YES,gay marriage,,marriage,,traditionally been between a man and a woman
Dev,188,"""My best friend tweeted about the health benefits of pizza, and so we're going to out to eat two vegetable pizzas tonight.""",Fallacy of Credibility,vegetables pizzas,,health benefits,,my best friend,3,YES,3,YES,pizza,,health benefits,,my friend
Dev,189,"My minister says the Covid vaccine will cause genetic mutations. He has a college degree, and is a holy man, so he must be right.",Fallacy of Credibility,covid vaccine,,genetic mutations,,my minister,4,YES,4,YES,covid vaccine,,genetic mutations,,my minister
Dev,190,"The medicine man rolled into town on his bandwagon offering various natural remedies, such as very special plain water. He said that it was only natural that people should be wary of 'artificial' medicines such as antibiotics.",Fallacy of Credibility,antibiotics,,people,,medicine man,1,YES,2,YES,natural remedies,,antibiotics,,medicine man
Dev,191,"Dr. X is an engineer, and he doesnâ€™t believe in global warming.",Fallacy of Credibility,,,,,,5,NO,5,NO,,,,,
Dev,192,"Look, it doesn't matter whether or not you think America should build a wall on the border. The President thinks America should do it, so it's a good idea.",Fallacy of Credibility,build a wall,,america,,president,3,YES,3,YES,build a wall on the border,,America,,The President
Dev,193,Studies show that it takes up to seven years for the human body to digest a piece of gum.,Fallacy of Credibility,,,,,,5,NO,1,YES,piece of gum,,human body,,studies
Dev,194,Two words: New Coke.,Fallacy of Credibility,,,,,,5,NO,5,NO,,,,,
Dev,195,A commercial claims that a specific brand of cereal is the best way to start the day because athlete Michael Jordan says that it is what he eats every day for breakfast.,Fallacy of Credibility,specific brand of cereal,,start the day,,michael jordan,3,YES,3,YES,specific brand of cereal,,start of the day,,Michael Jordan
Dev,196,"I donâ€™t care what scientists say, my mother always told me that the world is flat, and she would never lie to me!",Fallacy of Credibility,,,,,,5,NO,5,NO,,,,,
Dev,197,"You should eat more green leafy vegetables, because Ms. Lord says so, and she is an expert on grammar and vocabulary.",Fallacy of Credibility,green leafy vegetables,,you,,Ms. Lord,3,YES,3,YES,green leafy vegetables,,you,,Ms. Lord
Dev,198,I think that businesses should not have to limit the amount of pollutants they release into the atmosphere because Rush Limbaugh says that there is no real evidence for industrial pollutants causing the Greenhouse Effect.,Fallacy of Credibility,,,,,,5,NO,5,NO,,,,,
Dev,199,"""Dra. Vicky Belo said that all kind of cars need fuel to start.""
 
 What fallacy is being committed in the sentence above?",Fallacy of Credibility,fuel,,cars,,Dra. Vicky Belo,3,YES,5,NO,,,,,
Dev,200,John agrees with me that drinking energy drinks are bad for you.,Fallacy of Credibility,drinking energy drinks,,you,,John,1,YES,1,YES,drinking energy drinks,,you,,John
Train,201,"â€œAre you going to do well in school, or are you going to succeed as a cadet?â€",False Dilemma,school,,cadet,,,2,YES,2,YES,do well in school,,succeed as a cadet,,
Train,202,"In the United States, one can vote for either Democrats or Republicans.",False Dilemma,,,,,,5,NO,2,YES,Democrats,,Republicans,,
Train,203,Either you eat this meatloaf or you eat nothing.,False Dilemma,eat meatloaf,,eat nothing,,,2,YES,2,YES,eat this meatloaf,,eat nothing,,
Train,204,"""If you do not submit your requirements today, you should drop your classes with Sir Lean.""",False Dilemma,not submit requirement,,drop classes,,,4,YES,2,YES,submit your requirements today,,drop your classes with Sir Lean,,
Train,205,"If you donâ€™t say the Pledge of Allegiance, then you must be a traitor.",False Dilemma,not say the pledge of allegiance,,traitor,,,4,YES,2,YES,say the Pledge of Allegiance,,you must be a traitor,,
Train,206,"Person 1: Youâ€™re either for the war or against the troops.
 
 Person 2: Actually, I do not want our troops sent into a dangerous war.",False Dilemma,war,,againts the troop,,,3,YES,2,YES,for the war,,against the troops,,
Train,207,"""Either you pass this test, or you fail it."" Laughed Sr Malak",False Dilemma,pass this test,,fail,,,2,YES,2,YES,pass this test,,fail it,,
Train,208,If you don't say the Pledge of Allegiance you are a traitor.,False Dilemma,not say the pledge of allegiance,,traitor,,,4,YES,2,YES,say the Pledge of Allegiance,,you must be a traitor,,
Train,209,We as the Board can either choose to approve this initial public offering or we can suffer slow annihilation at the hands of our competitors.,False Dilemma,approve public offering,,suffer slow annihilation,,,2,YES,2,YES,approve this initial public offering,,suffer slow annihilation at the hands of our competitors,,
Train,210,We cannot support immigrants because we have too many homeless and poor Americans.,False Dilemma,suppress immigrants,,homeless,,,4,YES,4,YES,support immigrants,,homeless and poor Americans,,
Train,211,"When someone says, ""Either schools need to fully open immediately and no students should wear masks or all teachers are Communists!""",False Dilemma,sxhool open and no stundents wear mask,,communists teacher,,,2,YES,2,YES,schools need to fully open immediately and no students should wear masks,,all teachers are Communists,,
Train,212,You are either a leader or a follower.,False Dilemma,leader,,follower,,,2,YES,2,YES,leader,,follower,,
Train,213,"Autumn is trying to raise money for her university's library. In her address to the board of trustees, she says, ""We must raise tuition to cover the cost of new books. Otherwise the library will be forced to close.""
 
 Of what fallacy is this an example?",False Dilemma,raise tuition fee,,library,,,1,YES,2,YES,raise tuition to cover the cost of new books,,library will be forced to close,,
Train,214,I called my friend and he didn't answer. He wasn't home or he was dead.,False Dilemma,not at home,,dead,,,2,YES,2,YES,home,,he was dead,,
Train,215,"â€œIf you really loved me, you would buy me everything I ever wanted!â€",False Dilemma,loved ,,buy everything,,,1,YES,1,YES,you really loved me,,you would buy me everything I ever wanted,,
Train,216,"Whilst rallying support for his plan to fundamentally undermine citizens' rights, the Supreme Leader told the people they were either on his side, or they were on the side of the enemy.",False Dilemma,on his side,,on enemy side,,,2,YES,2,YES,either on his side,,the side of the enemy,,
Train,217,People either like coffee or hate it.,False Dilemma,like coffee,,hate,,,2,YES,2,YES,like coffee,,hate it,,
Train,218,"â€œEither you love me, or you hate me.â€",False Dilemma,love ,,hate,,,2,YES,2,YES,love me,,hate me,,
Train,219,America: Love it or leave it,False Dilemma,love,,leave,,,2,YES,2,YES,Love it,,leave it,,
Train,220,", when in fact more possibilities exist.",False Dilemma,,,,,,5,NO,5,NO,,,,,
Train,221,â€œI didnâ€™t see you at the charity fundraiser today. I guess you are not a good person after all.â€,False Dilemma,see at charity,,good person,,,1,YES,1,YES,charity fundraiser,,good person,,
Train,222,"In the United States, one can vote for either Democrats or Republicans.",False Dilemma,,,,,,5,NO,2,YES,Democrats,,Republicans,,
Train,223,"If we are too scared to open the economy completely, then we'll have to keep it closed forever.",False Dilemma,scared to open the economy,,keep it closec forever,,,4,YES,2,YES,open the economy completely,,keep it closed forever,,
Train,224,We can either stop using cars or destroy the earth.,False Dilemma,stop using cars,,destroy the earth,,,2,YES,2,YES,stop using cars,,destroy the earth,,
Train,225,"If you don't say the pledge of allegiance, then you must be a traitor.",False Dilemma,not say the pledge of allegiance,,traitor,,,4,YES,2,YES,say the pledge of allegiance,,you must be a traitor,,
Train,226,"You've got to teach the boys logic! If you don't teach them logic, they won't learn how to think, and they'll become hobos and die in prison! Don't you care about your sons? (Mother to Father)",False Dilemma,teach the boys logic,,hobos,,,2,YES,2,YES,teach the boys logic,,they won't learn how to think,,
Train,227,"Growing up, many children are told to eat their dinner or else they would never grow big and tall. What fallacy is this?",False Dilemma,eat dinner,,grow big,,,1,YES,2,YES,eat their dinner,,never grow big and tall,,
Train,228,"Sukaina to her mom: Either you buy me this new book, or you decide that reading is not important at all.",False Dilemma,buy new book,,reading is not important,,,2,YES,2,YES,buy me this new book,,decide that reading is not important at all,,
Train,229,â€œLive with me or live on the streetsâ€,False Dilemma,live with me ,,live on the street,,,2,YES,2,YES,live with me,,live on the streets,,
Train,230,"I thought you were a good person, but you werenâ€™t in class today.",False Dilemma,good person,,class,,,1,YES,1,YES,class,,good person,,
Train,231,The speaker insinuates that there are only two options despite this not being true.,False Dilemma,,,,,,5,NO,5,NO,,,,,
Train,232,"Cassie has no school spiritâ€”she never comes to any of our football games.
 guilt by association: a negative association intended to discredit someone or something",False Dilemma,school spirit,,comes to football games,,,1,YES,1,YES,football games,,school spirit,,
Train,233,"I thought you cared about other people, but I didn't see you at the fundraiser for the Children's Hospital ...",False Dilemma,cared about other,,see at fundraiser,,,1,YES,1,YES,see you at the fundraiser for the Children's hospital,,you cared about other people,,
Train,234,"""If you never gave money to charity, then you must be a greedy millionaire."" What is this?",False Dilemma,gave money to charity,,greedy,,,2,YES,4,YES,never gave money to charity,,you must be a greedy millionaire,,
Train,235,"Either you love bacon, or you're wrong.",False Dilemma,love bacon,,wrong,,,2,YES,4,YES,you love bacon,,you're wrong,,
Train,236,"â€œWe can give cadets awards for doing well, or we can have a disciplined squadron. We canâ€™t do both.â€",False Dilemma,give cadets awards,,disciplined squadron,,,2,YES,5,NO,,,,,
Train,237,"""Jollibee or McDonalds for lunch?""
 
 The sentence is an example of what fallacy?",False Dilemma,,,,,,5,NO,5,NO,,,,,
Train,238,We should ban all hairspray or the world will end!,False Dilemma,ban hairspray,,world will end,,,2,YES,2,YES,ban all hairspray,,world will end,,
Train,239,You either support Hillary Clinton for President or you donâ€™t believe in womenâ€™s rights.,False Dilemma,support hillary clinton,,not believe in women,,,2,YES,2,YES,support Hillary Clinton for President,,you don't believe in women's rights,,
Train,240,"If you can't prove that Ken had an affair with the nanny, then he's been faithful to his wife.",False Dilemma,prove ken had an affair,,faithful to his wife,,,3,YES,1,YES,prove that Ken had an affair with the nanny,,he's been faithful to his wife,,
Train,241,It is either you are for the US war on terror or against it.,False Dilemma,us war on terror,,againts,,,2,YES,2,YES,you are for the US war on terror,,against it,,
Train,242,"â€œDo you want to live in a world where you can get breakfast from McDonaldâ€™s all day, or would you rather live in a dictatorship?â€",False Dilemma,mcdonald breakfast,,dictatorship,,,2,YES,2,YES,live in a world where you can get breakfast from McDonald's all day,,live in a dictatorship,,
Train,243,"Either you decide that you can afford this stereo, or decide not to have music for a while",False Dilemma,afford stereo,,music,,,1,YES,2,YES,you decide that you can afford this stereo,,decide not to have music for a while,,
Train,244,"Because recent polling indicates that no voters in the county are strongly in favor of the proposed amendment, we can expect strong opposition to the amendment when it is voted on next month.",False Dilemma,no voters ,,strong opposition to the amendment,,,3,YES,2,YES,strongly in favor of the proposed amendment,,strong opposition to the amendment when it is voted on,,
Train,245,"You can look cool in our clothes, or you can look like a loser.",False Dilemma,look cool,,look loser,,,2,YES,2,YES,look cool in our clothes,,look like a loser,,
Train,246,"Either we accept the findings of this study demonstrating that this new intervention is the best to be used for this disorder, or we must no longer call ourselves scientists, psychologists, or reasonable people.",False Dilemma,accept findings,,no longer call ourself scientist,,,2,YES,2,YES,accept the findings of this study demonstrating that this new intervention if the best to be used for this disorder,,"we must no longer call ourselves scientists, psychologists, or reasonable people",,
Train,247,Politician: We have to decide if we are going to support school choice or if we are going to support failing schools. Those are the only two options.,False Dilemma,support school,,failing school,,,2,YES,2,YES,support school choice,,support failing schools,,
Train,248,You can go to bed in 5 minutes or you can go to bed in ten minutes. What's your choice?,False Dilemma,,,,,,5,NO,2,YES,you can go to be in 5 minutes,,you can go to bed in ten minutes,,
Train,249,"The museum's new gemstones and precious minerals exhibit needs more security guards. If you don't agree, then you must be planning to steal a piece of the exhibit.",False Dilemma,more security guards,,steal,,,2,YES,2,YES,museum's new gemstones and precious minerals exhibit needs more security guards,,you must be planning to steal a piece of the exhibit,,
Train,250,"Hillary Clinton wants to take your guns away, and she wants to abolish the Second Amendment.",False Dilemma,take you guns,,abolish secont amendment,,,1,YES,4,YES,Hillary Clinton wants to take your guns away,,she wants to abolish the Second Amendment,,
Train,251,"""My cousin said her Math class was hard. The one that Iâ€™m in is hard too. All Math classes must be hard.""
 This statement is an example ofâ€¦",Faulty Generalization,all math classes,my cousin math class,hard,,,2,YES,2,YES,all Math classes,her Math class,hard,,
Train,252,Using the second amendment as justification to allow civilians to own nuclear submarines.,Faulty Generalization,,,,,,5,NO,5,NO,,,,,
Train,253,"Your brain is made of molecules. Molecules are not the source of consciousness. Therefore, your brain cannot be the source of consciousness.",Faulty Generalization,brain,molecules,consciousness,,,4,YES,5,NO,,,,,
Train,254,All women care about are their looks.,Faulty Generalization,,,,,,5,NO,3,YES,care about their looks,,all women,women,
Train,255,"If we teach anton how to drive the car, heâ€™ll want to learn how to fly helicopters next!",Faulty Generalization,Teach anton,,fly helicopter,drive a car,,2,YES,5,NO,,,,,
Train,256,"A study was done recently showing that church attendance was positively correlated with marriage longevity, that is, those couples who attended church together more often were more likely to stay married. This really should not be a surprise considering the general view of divorce within religion. What this does not mean is that any given couple who does not attend church is more likely to get divorced than any given couple that does attend church.",Faulty Generalization,church attendance,,,,,5,NO,5,NO,,,,,
Train,257,Allowing gay marriage puts us on the way to polygamy and bestiality,Faulty Generalization,gay marriage,,polygamy,betiality,,2,YES,5,NO,,,,,
Train,258,I work out in the morning because it worked for my friend.,Faulty Generalization,,,,,,5,NO,3,YES,work out in the morning,,I,my friend,
Train,259,"John: We should oppose any attempt to register firearms. Such regulation is the first step to confiscation of all weapons and the elimination of our constitutional right to bear arms.
 
 Ted: This is preposterous. Many things in society are registered, such as cars, babies, boats, and lanes, yet these items have never been confiscated.",Faulty Generalization,,,,,,5,NO,5,NO,,,,,
Train,260,Having a television rating system is like being in prison. Both infringe on one's rights.,Faulty Generalization,,,,,,5,NO,2,YES,television rating system,,infriinge on one's rights,being in prison,
Train,261,â€œThere arenâ€™t any good restaurants in Sydney; I tried two and they were both horrible.â€,Faulty Generalization,good restaurants in sydney,tried two restaurants,horrible,,,2,YES,5,NO,,,,,
Train,262,"""We've got to stop them from banning poetry. Once they start banning one form of literature, they will never stop. Next thing you know, they will be burning all the books!"" Ammar demanded.",Faulty Generalization,banning poetry,,burning all the books,they will never stop,,4,YES,2,YES,banning poetry,,they will be burning all the books,they will never stop,
Train,263,"Several years ago, a group of 10 psychologists started a psychology training program. Each of those psychologists is efficient, effective, and highly-regarded. Their training program must be efficient, effective, and highly-regarded.",Faulty Generalization,psychology training program,each psycologist,"efficient, effective, and highly-regarded",,,3,YES,3,YES,their training program,10 psychologists,"efficient, effective, and highly-regarded",,
Train,264,"""I don't know how to complete my geometry homework tonight; I probably can't pass the course since I can't do this one assignment.""",Faulty Generalization,cant pass the course,cant complete geometry homework,I,,,1,YES,1,YES,complete my geometry homework,do this one assignment,pass the course,,
Train,265,Three congressional representatives have had affairs. Members of Congress are adulterers.,Faulty Generalization,,,,,,5,NO,2,YES,Members of Congress,Three congressional representatives,adulterers,,
Train,266,"If you break your diet and have one cookie tonight, you will just want to eat 10 cookies tomorrow, and before you know it, you will have gained back the 15 pounds you lost. This is an example of which logical fallacy?",Faulty Generalization,eat 10 cookies,on cookie,gain weight,,,2,YES,2,YES,have one cookie tonight,,gained back the 15 pounds you lost,eat 10 cookies tomorrow,
Train,267,"Don't ever gamble! Once you start, you won't be able to stop, and you'll end up bankrupt.",Faulty Generalization,gamble,,bankrupt,wont be able to stop,,2,YES,2,YES,gamble,you gamble,bankrupt,,
Train,268,Everyone loves Post Malone and can name at least one of his songs! (This is an example of...),Faulty Generalization,,,,,,5,NO,5,NO,,,,,
Train,269,I can't understand why people are complaining that it's difficult to find a job in this job market. My daughter and I got jobs without any trouble.,Faulty Generalization,,,,,,5,NO,3,YES,find a job in this job market,,people,my daughter and I,
Train,270,"While doing research for her debate topic on school uniforms, Sara discovered that a local elementary school survey indicated that 72% of its 1st graders wanted uniforms. She used this as evidence to support that all high schools should wear school uniforms.
 What fallacy did Sara use here?",Faulty Generalization,all high school,72% 1st graders wanted uniforms,wear school uniforms,,,3,YES,3,YES,wear school uniforms,,high schools,72% of its first graders,
Train,271,"If you accept that the story of Adam and Eve was figurative, then you will do the same for most of the Old Testament stories of similar literary styles. Once you are there, the New Testament and the story of Jesus does not make sense, which will lead you to believe that the resurrection of Jesus was a â€œspiritualâ€ one. Once you accept that, you wonâ€™t be a Christian anymore; you will be a dirty atheist, then you will have no morals and start having sex with animals of a barnyard nature. So you better take the story of Adam and Eve literally, before the phrase, â€œthat chicken looks deliciousâ€, takes on a whole new meaning.",Faulty Generalization,accept that the story of adam and eve was figurative,,christian,story of jesus,,1,YES,2,YES,take the story of Adam and Eve literally,,you won't be Christian anymore,you will do the same for most of the Old testament stories,
Train,272,People who wear glasses are smarter.,Faulty Generalization,,,,,,5,NO,5,NO,,,,,
Train,273,A person hanging out in a bar will be an alcoholic,Faulty Generalization,,,,,,5,NO,5,NO,,,,,
Train,274,"If you accept that the story of Adam and Eve was figurative, then you will do the same for most of the Old Testament stories of similar literary styles. Once you are there, the New Testament and the story of Jesus does not make sense, which will lead you to believe that the resurrection of Jesus was a â€œspiritualâ€ one. Once you accept that, you wonâ€™t be a Christian anymore; you will be a dirty atheist, then you will have no morals and start having sex with animals of a barnyard nature. So you better take the story of Adam and Eve literally, before the phrase, â€œthat chicken looks deliciousâ€, takes on a whole new meaning.",Faulty Generalization,accept that the story of adam and eve was figurative,,christian,story of jesus,,1,YES,2,YES,take the story of Adam and Eve literally,,you won't be Christian anymore,you will do the same for most of the Old testament stories,
Train,275,My neighborâ€™s child was kidnapped while playing alone in her yard. My city must be a dangerous place for children.,Faulty Generalization,my city,,dangerous,my neighbour child was kidnapped,,2,YES,1,YES,my city,,children,neighbor's child,
Train,276,â€œThe two courses I took at Harvard were not very interesting. I don't think it is a good university.â€,Faulty Generalization,Harvard,two courses ,good univeristy,interesting,,1,YES,1,YES,Harvard,two courses I took at Harvard,good university,,
Train,277,"If I went to the mall a polled 3 people, those opinions would not represent the opinions of the city population.",Faulty Generalization,,,,,,5,NO,5,NO,,,,,
Train,278,"If you forget to floss, you will get cavities, and if you get cavities, you will lose all your teeth by the time you're 30.",Faulty Generalization,cavities,forget to floss,lose all your teeth,,,2,YES,4,YES,floss,,lose all your teeth,you will lose all your teeth by the time you're 30,
Train,279,"""Some tall people recently vandalized the park, tall people are irresponsible.""",Faulty Generalization,tall people,some tall people,irresponsible,vandalized the park,,2,YES,1,YES,tall people,some tall people,the park,,
Train,280,"My mother has always told me not to drink milk after eating fish because she knows a friend whose skin got patched after drinking milk and eating fish together. Besides, many other people have told me the same thing so it must be true.",Faulty Generalization,drinking milk after eating fish,my mother friend drinking milk and eating fish,skin got patched,,,2,YES,1,YES,drink milk after eating fish,,people,friend,
Train,281,"Based on a survey of 1000 American homeowners, 99% of those surveyed have two or more automobiles worth on average $100,000 each. Therefore, Americans are very wealthy.",Faulty Generalization,americans,99% of surveyed american homeowners,wealthy,,,3,YES,3,YES,Americans,1000 American homeowners,wealthy,,
Train,282,gun registration would start us sliding into the unconstitutional morass of universal arms confiscation.,Faulty Generalization,,,,,,5,NO,5,NO,,,,,
Train,283,"If you donâ€™t eat breakfast, youâ€™ll slouch in your desk. If you slouch in your desk, youâ€™ll hurt your back. If you hurt your back, youâ€™ll never become President. What fallacy is being committed here?",Faulty Generalization,dont eat breakfast,,never become president,slouch in your desk,,2,YES,1,YES,eat breakfast,you don't eat breakfast,become President,,
Train,284,"""She's definitely a feminist; she watched the Democratic National Convention"" IS an example of this fallacy.",Faulty Generalization,,,,,,5,NO,2,YES,Democratic National Convention,,feminist,she,
Train,285,"If you don't pass this quiz, you will get a low grade. This will affect your score in the gradebook, you will fail Eng II. You will not graduate Highschool. You will not get a good job.",Faulty Generalization,dont pass this quiz,,not get a good job,not graduate highschool,,2,YES,1,YES,pass this quiz,you don't pass this quiz,good job,,
Train,286,"My grandmother smoked for 80 years and died at 100. Obviously, smoking isnâ€™t harmful.",Faulty Generalization,smoking,smoked for 80 years,harmfull,,,4,YES,5,NO,,,,,
Train,287,"I know four poor families. They are lazy drug addicts. Therefore, all poor people are lazy drug addicts.",Faulty Generalization,all poor people,four foor families,lazy drug addicts,,,2,YES,2,YES,all poor people,four poor families,lazy drug addicts,,
Train,288,"An NSA whistle-blower, William Binney, said last week that the agencyâ€™s surveillance activities put us on 'a slippery slope toward a totalitarian state'",Faulty Generalization,,,,,,5,NO,5,NO,,,,,
Train,289,People nowadays only vote with their emotions instead of their brains.,Faulty Generalization,,,,,,5,NO,1,YES,vote with their emotions,,people,people nowadays,
Train,290,"Itâ€™s getting late, and we still have to decide on the school budget. What do you say we just leave it as is and we can call it a night?",Faulty Generalization,,,,,,5,NO,3,YES,decide on the school budget,leave it as is,we,,
Train,291,"""I have one Japanese friend and it's true that all of them are numb.""",Faulty Generalization,japanese friend,one japanese friend,dumb,,,2,YES,2,YES,Japanese,one Japanese friend,numb,,
Train,292,"""If we ban Hummers because they are bad for the environment, then eventually the government will ban all cars; therefore, we should not ban Hummers.""",Faulty Generalization,ban hummers,ban cars,environment,,,1,YES,1,YES,ban hummers,ban all cars,environment,,
Train,293,"Jeff is preparing to create a commercial for a new energy drink. He visits a local high school and surveys students in an English class about their beverage preferences. The majority of the class says they prefer grape flavored drinks, so Jeff tells his superiors that grape is the flavor favored most by high school students.
 
 What error in reasoning has Jeff made?",Faulty Generalization,high school students,student in english class,grape flavor,,,3,YES,3,YES,grape flavored drinks,,high school students,students in an English class,
Train,294,All writing teachers must be awesome because Ms. Lopez is.,Faulty Generalization,All writing teacher,ms lopez,awesome,,,3,YES,3,YES,all writing teachers,Ms. Lopez,awesome,,
Train,295,"Gas prices have been rising steadily these past few years. Thus, the cost of car ownership is higher than it was previously.",Faulty Generalization,,,,,,5,NO,2,YES,gas prices have been rising,gas prices have been rising steadily these past few years,cost of car ownership,,
Train,296,"If you don't study, you'll fail your test. Then you will do poorly in the class and your GPA will fall. You won't get into a good college, so you'll never get a decent job and you'll end up homeless.",Faulty Generalization,dont study,,homeless,do poorly in class,,2,YES,4,YES,study,you don't study,homeless,,
Train,297,"Pol Pot, the Cambodian Maoist revolutionary, was against religion, and he was a very bad man. Frankie is against religion; therefore, Frankie also must be a very bad man.",Faulty Generalization,frankie,pol pot,againts religion,,,2,YES,2,YES,Frankie,"Pol Pot, the Cambodian Maoist revolutionary",against religion,,
Train,298,"Brad's mother asked him why he wasn't trying out for the school play. He responded: ''Because if Tom gets the male lead, which he always does, then I'll only be in the chorus, and it's not worth being in the play if I'm only going to be in the chorus.'' This is an example of which logical fallacy?",Faulty Generalization,tom gets the mail lead,,im not worth being in the play,i will only be in the chorus,,2,YES,2,YES,try out for the school play,,only be in the chorus,Tom gets the male lead,
Train,299,"Exercise is good. Therefore everybody should exercise.'
 ""'I agree,' said Polly earnestly. 'I mean exercise is wonderful. I mean it builds the body and everything.'",Faulty Generalization,exercise,,good and wonderful,builds body,,3,YES,3,YES,exercise,,everyone,Polly,
Train,300,If we ban cell phones because they are bad for teenagers next the government will ban all iPods and eventually all video games as well.,Faulty Generalization,ban cell phones,,ban all video games,ban all ipods,,2,YES,5,NO,,,,,
Train,301,"My new sport psychology intervention works! I chose the player with the lowest batting average based on the last game from each of the teams in our amateur baseball league. Then I gave each of them my 5-minute intervention. And almost all of them improved their batting average in the next game!"" (Note: this example may also involve the statistical phenomenon of regression to the mean.",False Causality,5 minute intervention,,improved their batting average,,,3,YES,3,YES,my new sport psychology intervention,,batting average,,
Train,302,"Earthquakes are caused when the plates of the Earth's crust move. Earthquakes happen along ""fault lines"" in the earthâ€™s crust. When the plates in the Earth suddenly shift, the Earth will begin to shift, shake or tremble.
 What is the central idea?",False Causality,plates shift,,earth shift,,,2,YES,2,YES,earthquakes,,"Earth will begin to shift, shake or tremble",,
Train,303,You oversleep and then fail a test; so you assume that oversleeping causes you to fail tests,False Causality,oversleep,,fail a test,,,2,YES,1,YES,oversleep,,test,,
Train,304,"Pointing to a fancy chart, Roger shows how temperatures have been rising over the past few centuries, whilst at the same time the numbers of pirates have been decreasing; thus pirates cool the world and global warming is a hoax.",False Causality,pirates,,temperatures rising,,,4,YES,4,YES,temperatures have been rising over the past few years,,pirates,,
Train,305,"â€œYesterday, I walked under a ladder with an open umbrella indoors while spilling salt in front of a black cat. And I forgot to knock on wood with my lucky dice. That must be why Iâ€™m having such a bad day today. Itâ€™s bad luck.â€",False Causality,spilling salt in front of a black cat,,bad luck,,,2,YES,4,YES,knock on wood with my lucky dice,,bad day,,
Train,306,"Jason and his family are heading to Utah to spend a week skiing. Looking at the weather reports, he notices that it is supposed to be warmer, making for lousy ski conditions. Angrily, he calls the Weather Channel and demands that they change their forecast so he will have better weather for the trip.",False Causality,warmer weather,,ski,,,3,YES,3,YES,they change their forecast,,skiing,,
Train,307,"Cellphones werenâ€™t invented before I was born. Now, they are everywhere! Therefore, cellphones were created because I was born.",False Causality,,,,,,5,NO,3,YES,I was born,,cellphones,,
Train,308,The accident was caused by the taxi parking in the street,False Causality,taxi parking in the street,,accident,,,2,YES,2,YES,taxi parking in the street,,accident,,
Train,309,Texting has killed peopleâ€™s ability to write in complete sentences with proper grammar.,False Causality,texting,,ability to write complete sentences,,,1,YES,4,YES,texting,,people's ability to write in complete sentences with proper grammar,,
Train,310,"â€œSince event Y followed event X, event Y must have been caused by event Xâ€. What fallacy is described in this logical form?",False Causality,,,,,,5,NO,5,NO,,,,,
Train,311,Children who play violent video games act more violently than those who donâ€™t.,False Causality,play violent video games,,act violently,,,2,YES,2,YES,play violent video games,,act more violently,,
Train,312,"Shortly after MySpace became popular, U.S. soldiers found Saddam Hussein.",False Causality,myspace ,,found saddam hussein,,,3,YES,3,YES,MySpace,,U.S. soldiers found Saddam Hussein,,
Train,313,"I go to my front porch every morning and yell, â€œMay no tigers enter this house!â€ and for 20 years, not a single tiger has entered my house. My tiger prevention strategy clearly works.",False Causality,yell,,tiger entered house,,,4,YES,3,YES,"go to my front porch every morning and yell ""May no tigers enter this house!""",,not a single tiger has entered my house,,
Train,314,"â€œPresident Kumail raised taxes, and then the rate of violent crime went up. Kumail is responsible for the rise in crime.â€",False Causality,raised taxes,,rate of vilent crime went up,,,2,YES,2,YES,Kumail,,rise in crime,,
Train,315,"Jen: Donâ€™t you realize that all this drinking you are doing is making your family miserable?
 Bridget: Yes, I do.
 Jen: Then what are you doing about it?
 Bridget: Drinking to forget.",False Causality,drinking,,miserable,,,2,YES,3,YES,drinking,,forget,,
Train,316,"I have flipped heads five times in a row. As a result, the next flip will probably be tails.",False Causality,flipped heads five times in a row,,flip tails,,,3,YES,3,YES,flipped heads five times in a row,,next flip will probably be tails,,
Train,317,blame opponent's policy for the country's problems,False Causality,,,,,,5,NO,2,YES,opponent's policy,,country's problems,,
Train,318,"""A baseball pitcher bought new socks before he pitched a winning game. The new socks caused a pitcher to throw faster! He will wear the new socks for EVERY game now.""
 
 This is an example of...",False Causality,new socks,,throw faster,,,3,YES,3,YES,new socks,,pitcher to throw faster,,
Train,319,â€œI sneezed exactly at the same time the power went off. My sneeze mustâ€™ve done something to make the power go off. â€œ,False Causality,sneeze,,power off,,,2,YES,2,YES,my sneeze,,power went off,,
Train,320,Naima is scratched by a cat while visiting her friend. Two days later she comes down with a fever. Naima concludes that the cat's scratch must be the cause of her illness.,False Causality,scratched by a cat,,fever,,,2,YES,2,YES,cat's scratch,,illness,,
Train,321,"Farmer McDonald: Ever since they put up that new power plant across the river, we haven't had a bit of rain. I'm tellin' you, mankind has got too big for its britches when it fiddles around with nature.",False Causality,power plant,,rain,,,1,YES,1,YES,new power plant across the river,,rain,,
Train,322,"""Because I forgot to leave my porch light on, someone robbed my house.""",False Causality,forgot to leave porch light on,,robbed my house,,,2,YES,4,YES,leave my porch light on,,someone robbed my house,,
Train,323,Eating five candy bars and drinking two sodas before a test helps me get better grades. I did that and got an A on my last test in history.,False Causality,eating five candy bars and drinking two sodas,,better grades,,,3,YES,3,YES,eating five candy bars and drinking two sodas before a test,,better grades,,
Train,324,"You got a cold two nights ago but last night you stayed up really late and now you are no longer sick, so it must be because you stayed up really late last night. What fallacy is being committed?",False Causality,stayed up really late,,sick,,,4,YES,4,YES,stayed up really late,,cold,,
Train,325,"I. The Ganges river is flooded due to large sheets of ice coming down from the Himalayas.
 II. Many people in the Himalayan ranges lost their houses under huge sheets of ice.",False Causality,large sheets of ice,,people lost their home,,,2,YES,1,YES,huge sheets of ice,,houses,,
Train,326,"During the first week of July ice cream sales climbed, and during the second week murder rates climbed. Therefore, ice cream inspires murder.",False Causality,ice cream,,murder,,,2,YES,2,YES,ice cream,,murder,,
Train,327,"I had a real bad headache, then saw my doctor. Just by talking with him, my headache started to subside, and I was all better the next day. It was well worth the $200 visit fee.",False Causality,talk with doctor,,headache,,,4,YES,4,YES,talking with him,,headache,,
Train,328,Our soccer team was losing until I bought new shoes. We have not lost a game since I got my lucky shoes!,False Causality,new shoes,,lost,,,4,YES,3,YES,new shoes,,not lost a game,,
Train,329,If the country is ever going to be safe from terrorists we have to close the borders.,False Causality,clos the borders,,safe from terrorist,,,3,YES,4,YES,close the borders,,terrorists,,
Train,330,â€œThe economy has improved greatly because of the new president.â€,False Causality,new president,,economy improvement,,,3,YES,3,YES,new president,,economy,,
Train,331,"Mom: Watching TV that close will make you go blind, so move back!
 Jonny: That is B.S., Mom. Sorry, I am not moving.",False Causality,watching tv that close,,blind,,,2,YES,2,YES,watching TV that close,,go blind,,
Train,332,"The rooster crows always before the sun rises, therefore the crowing rooster causes the sun to rise.",False Causality,rooster crows,,sun rises,,,3,YES,3,YES,crowing rooster,,sun to rise,,
Train,333,"David: We have way too much police presence in this city.
 Pete: What are you going to do about it?
 David: Vandalize, loot, and perhaps a little arson.",False Causality,police presence,,"vandalize, loot, and arson",,,2,YES,2,YES,too much police presence,,"vandalize, loot, and perhaps a little arson",,
Train,334,"Since Lucy Sutton became vice president of the parent-teacher association, student performance has declined and teacher morale is down. We on the school board believe that Sutton bears sole responsibility for the downtrend.",False Causality,lucy sutton became vice president,,student performance has declined and teacher morale is down,,,2,YES,2,YES,Sutton,,downtrend,,
Train,335,"President Jones raised taxes, and then the rate of violent crime went up. Jones is responsible for the rise in crime.",False Causality,raised taxes,,rate of vilent crime went up,,,2,YES,2,YES,President Jones,,rise in crime,,
Train,336,"Michael Jackson, Kurt Cobain, and Jimi Hendrix were rock stars who died young. Therefore, if you become a rock star, donâ€™t expect to live a long life.",False Causality,rock stars,,die young,,,2,YES,2,YES,become a rockstar,,died young,,
Train,337,"The presence of police at protests cause an escalation of violence. It was the case that at the protest last night attended by uniformed police, there was an escalation of violence. Therefore, police should not be at protests.",False Causality,police presence,,escalation of violence,,,2,YES,2,YES,police at protests,,escalation of violence,,
Train,338,"Fewer tourists were recorded to have entered the country. This datum was gathered after Karapatan exposed the human rights violations happening here; therefore, Karapatan's expose was the reason for the low tourist turn out.",False Causality,karapatan exposed human rights violations,,tourist,,,4,YES,2,YES,Karapatan's expose,,low tourist turn out,,
Train,339,"""I started exercising twice a week, and I just got a babysitting job. Exercising leads to new jobs!""",False Causality,exercising,,babysitting job,,,3,YES,3,YES,exercising,,new jobs,,
Train,340,"Every time I wash my car, it rains",False Causality,wash my car,,rains,,,2,YES,2,YES,wash my car,,rain,,
Train,341,"Global chocolate consumption is highest in Switzerland, yet people there are among the trimmest in the industrialized world. Therefore, itâ€™s reasonable to conclude that chocolate helps keep your weight down.",False Causality,chocolate ,,weight down,,,3,YES,3,YES,chocolate,,keep your weight down,,
Train,342,"Joey's refrigerator broke after Rachel moved in; therefore, Rachel caused Joey's refrigerator to break.",False Causality,rachel moved in,,refregerator break,,,2,YES,1,YES,Rachel,,Joey's refrigerator,,
Train,343,"I. Many seats in the private medical colleges in the state have remained vacant this year.
 II. The government medical colleges in the state could accommodate all the students who sought admission this year.",False Causality,vacant seats,,government could accomodate,,,3,YES,3,YES,government medical colleges in the state,,students who sought admission this year,,
Train,344,"Which logical reason supports the opposition to the motion ""Cell phones give off an unsafe radiation and should not be used.""",False Causality,cell phones,,radiation,,,2,YES,2,YES,cell phones,,unsafe radiation,,
Train,345,"Every time I was my car, it rains. Me washing my car has a definite effect on the weather.",False Causality,wash my car,,rains,,,2,YES,2,YES,me washing my car,,rains,,
Train,346,Jimmy isn't at school today. He must be on a family trip.,False Causality,family trip,,school,,,1,YES,2,YES,be on a family trip,,isn't at school today,,
Train,347,My grandmother ate 10 cloves of raw garlic every day. Not surprisingly she lived to be 102.,False Causality,ate 10 cloves of raw garlic,,lived to be 102,,,3,YES,3,YES,ate 10 cloves of raw garlic every day,,lived to be 102,,
Train,348,"I saw John texting yesterday, and then he got in his car and drove away; he must have crashed because he was texting. Therefore, cell phones should be banned.",False Causality,cell phones,,crashed,,,2,YES,2,YES,cell phones,,crashed,,
Train,349,Someone really should move this â€˜deer crossingâ€™ sign. This is a dangerous stretch of highway and the deer really should be crossing somewhere else.,False Causality,move deer crossing sign,,danger,,,4,YES,3,YES,move this deer crossing sign,,crossing somewhere else,,
Train,350,"I wore my lucky red shirt when I took the test, so that is probably why I did so well on the test.",False Causality,wore my lucky red shirt,,did well on test,,,3,YES,3,YES,wore my lucky red shirt,,did so well on the test,,
Train,351,"My professor, who has a Ph.D. in Astronomy, once told me that ghosts are real. Therefore, ghosts are real.",Fallacy of Credibility,,,,,,5,NO,5,NO,,,,,
Train,352,Beyond Meat burgers are healthy for us because they do not have any meat in them.,Fallacy of Credibility,meat burgers,,healthy,,have any meat,1,YES,3,YES,Beyond Meat burgers,,healthy,,us
Train,353,"We're going to celebrate New Year's Eve this way because that's how we've always done it.
 This is an example of ...",Fallacy of Credibility,,,,,,5,NO,3,YES,celebrate New Year's Even this way,,we,,that's how we've always done it
Train,354,"In the debate at Harvard, one of the Harvard teamâ€™s debaters rebutted Samantha Bookeâ€™s argument that Henry David Thoreau, a Harvard graduate, proposed civil disobedience as a means to protest unjust laws. The Harvard debater rebutted her by saying, â€œThoreau could never know that Adolph Hitler would agree with him.â€ A BETTER rebuttal would have been toâ€¦",Fallacy of Credibility,,,,,,5,NO,2,YES,civil disobedience,,unjust laws,,Henry David Thoreau
Train,355,"Dave: For five generations, the men in our family went to Stanford and became doctors, while the women got married and raised children. Therefore, it is my duty to become a doctor.
 Kaitlin: Do you want to become a doctor?
 Dave: It doesnâ€™t matter -- it is our family tradition. Who am I to break it?",Fallacy of Credibility,went to stanford,,became doctor,,family tradition,3,YES,3,YES,become a doctor,,the men in our family,,our family traidion
Train,356,Give me liberty or give me death,Fallacy of Credibility,,,,,,5,NO,2,YES,Give me liberty,,Give me death,,me
Train,357,"Since Dwayne Johnson (aka The Rock) endorsed this protein powder, it must work wonders.",Fallacy of Credibility,protein powder,,work,,dwayne johnson,3,YES,3,YES,protein powder,,work wonders,,Dwayne Johnson
Train,358,"Ms. Drayer, the smartest person in the universe, says the debate is the best class, therefore it is.",Fallacy of Credibility,debate,,best class,,ms drayer,3,YES,5,NO,,,,,
Train,359,"""My three decades of experience in public service, my tireless commitment to the people of this community, and my willingness to reach across the aisle and cooperate with the opposition, make me the ideal candidate for your mayor."" Which appeal is the primary appeal used in this quote?",Fallacy of Credibility,tireless commitment to the people,,ideal candidate,,three decades of experience in publc,3,YES,3,YES,make me the ideal candidate for your mayor,,people of this community,,"my three decades of experience in public service, my tireless commitment to the people of this community, and my willingness to reach across the aisle and cooperate with the opposition"
Train,360,Appeals to an authority that has little to nothing to do with the argument,Fallacy of Credibility,,,,,,5,NO,5,NO,,,,,
Train,361,My uncle is a mechanic and he says you shouldn't spank children. He says it's ineffective.,Fallacy of Credibility,spank,,children,,my uncle,1,YES,4,YES,spank children,,ineffective,,My uncle
Train,362,"""The logic teacher was hired to fill the new computer animation class. He is a great admirer of Pixar's work and will do a great job.""",Fallacy of Credibility,logic teacher,,computer animation class,,admirer of pixar's work,3,YES,5,NO,,,,,
Train,363,An attempt to gain a customerâ€™s trust in an advertisement is referred to as,Fallacy of Credibility,,,,,,5,NO,5,NO,,,,,
Train,364,Not able to defend his position that evolution 'isn't true' Bob says that he knows a scientist who also questions evolution (and presumably isn't a primate).,Fallacy of Credibility,,,,,,5,NO,5,NO,,,,,
Train,365,"Despite the fact that our Q4 numbers are much lower than usual, we should push forward using the same strategy because our CEO Barbara says this is the best approach.",Fallacy of Credibility,push forward using same strategy,,best approach,,ceo barbara,3,YES,3,YES,push forward using the same strategy,,best approach,,CEO Barbara
Train,366,"To justify support for a position by citing an esteemed or well-known figure who supports it.
 
 Para justificar el apoyo a una posiciÃ³n citando a una figura estimada o conocida que lo apoya.",Fallacy of Credibility,,,,,,5,NO,5,NO,,,,,
Train,367,"Hi, Iâ€™m Troy McClure. You might remember me from such films as The Day the Peacock Died. After filming scenes with feathered co-stars all day, thereâ€™s nothing I enjoy more than a bucket of Busterâ€™s Chicken. Itâ€™s chickentastic!",Fallacy of Credibility,,,,,,5,NO,3,YES,Buster's Chicken,,I,,Troy McClure
Train,368,"""I will end this war in Iraq responsibly, and finish the fight against al Qaeda and the Taliban in Afghanistan. I will rebuild our military to meet future conflicts. But I will also renew the tough, direct diplomacy that can prevent Iran from obtaining nuclear weapons and curb Russian aggression. I will build new partnerships to defeat the threats of the 21st century: terrorism and nuclear proliferation; poverty and genocide; climate change and disease. And I will restore our moral standing, so that America is once again that last, best hope for all who are called to the cause of freedom, who long for lives of peace, and who yearn for a better future."" Which appeal is the primary appeal used in this quote?",Fallacy of Credibility,rebuild military,,future conflic,,me as an american ,2,YES,3,YES,end this war in Iraq,,America,,I
Train,369,Why doesn't Tim get a real job like normal people instead of trying to launch that Internet business from home?,Fallacy of Credibility,launch that internet business,,real job,,me,2,YES,5,NO,,,,,
Train,370,We should move to the Midwest because Mujtaba from the Wall Street Journal says the cost of living is cheaper there.,Fallacy of Credibility,move to midwest,,cost of living is cheaper,,mujtaba,3,YES,2,YES,move to the Midwest,,cost of living,,Mujtaba from the Wall street Journal
Train,371,We should abolish the death penalty. Even Judge Judy is opposed to it.,Fallacy of Credibility,abolish death penalty,,we,,judge judy,3,YES,1,YES,death penalty,,We,,Judge Judy
Train,372,"The owner of the car dealership by my house told me I need a new car, and he would know since he works in the industry.",Fallacy of Credibility,new car,,i,,the owner of the car dealership,3,YES,3,YES,new car,,I,,The owner of the car dealership by my house
Train,373,"I have been around the block many times, and I have had my share of success. So believe me when I tell you that there is no better hobby than cat-juggling.",Fallacy of Credibility,,,,,,5,NO,3,YES,cat-juggling,,hobby,,I have been around the block many times
Train,374,"If we allow cadets to apply for encampment online, weâ€™d save everyone lots of headaches. REPLY: No. Weâ€™ve always made cadets apply using a paper form.",Fallacy of Credibility,encampment online,,headaches,,me,2,YES,5,NO,,,,,
Train,375,"A book argues that global warming is not actually happening, and cites the research of one environmental scientist who has been studying climate change for several years.",Fallacy of Credibility,,,,,,5,NO,5,NO,,,,,
Train,376,"""My dad is a mechanic and he says that eating brushing your teeth twice a day is good for you. Since he is a mechanic, he knows best.""",Fallacy of Credibility,brushing your teeth twice,,you,,my dad,3,YES,3,YES,eating brushing your teeth twice a day,,you,,My dad
Train,377,Invoke shared values and principles. They call upon the audienceâ€™s sense of right and wrong.,Fallacy of Credibility,,,,,,5,NO,5,NO,,,,,
Train,378,Of course we should buy an Apple computer whenever we need a new computer. We have been buying Apple as far back as anyone can remember!,Fallacy of Credibility,buy an apple computer,,we,,buying apple as far back as anyone can remember,3,YES,3,YES,buy an Apple computer whenever we need a new computer,,we,,We have been buying Apple as far back as anyone can rememer
Train,379,"Aaron Rodgers says you should get State Farm Insurance on your home, car, motorcycle, or trailer!",Fallacy of Credibility,get state farm insurance,,"home, car, motorcycle, or trailer",,aaron rodgers,3,YES,1,YES,"get State Farm Insurance on your home, car, motorcycle, or trailer",,you,,Aaron Rodgers
Train,380,One day robots will enslave us all. It's true. My computer science teacher says so.,Fallacy of Credibility,robots,,enslave,,computer science teacher,4,YES,4,YES,robots,,enslave us all,,computer science teacher
Train,381,Word processed papers are clearer and more error-free than typed papers because they make use of new technology.,Fallacy of Credibility,word processed papers,,clearer and more error-free,,new technology,3,YES,5,NO,,,,,
Train,382,Ignore any scientific ideas from anyone who didnâ€™t get a Ph.D.,Fallacy of Credibility,,,,,,5,NO,5,NO,,,,,
Train,383,A little boy says that his friends should not go swimming in a river because his Mama said there were germs in the river.,Fallacy of Credibility,swimming in a river,,germs,,mama,4,YES,4,YES,go swimming in a river,,germs,,his Mama
Train,384,"World-renowned physicist Dr. Patricia Mitchell assures me that exposure to natural sunlight, even exposure resulting in mild sunburn, is still significantly less of a cancer risk than brief exposure to the artificial light in a tanning bed. So I make sure to tell all of my friends that if theyâ€™re looking to get a tan this summer they should do it outdoors, and not at the tanning salon!",Fallacy of Credibility,using tan in outdoors,,,,,5,NO,2,YES,exposure to natural sunlight,,cancer risk,,World-renowned physicist Dr. Patricia Mitchell
Train,385,Studies show it takes up to seven years for the human body to digest a piece of gum.,Fallacy of Credibility,,,,,,5,NO,1,YES,gum,,human body,,studies
Train,386,"â€œRichard Dawkins, an evolutionary biologist and perhaps the foremost expert in the field, says that evolution is true. Therefore, I believe it's true.â€",Fallacy of Credibility,,,,,,5,NO,5,NO,,,,,
Train,387,There is no intervention for victims of domestic violence that has more empirical support from controlled studies than this one. It is clear that this is the right way to address this problem and we should all be providing this therapy whenever victims of domestic violence come to us for help.,Fallacy of Credibility,threaphy,,help victimes of domestic violence,,,3,YES,2,YES,all be providing this therapy,,victims of domestic violence,,this one
Train,388,"â€œWe should abolish the death penalty. Many respected people, such as actor Guy Handsome, have publicly stated their opposition to it.â€",Fallacy of Credibility,abolish death penalty,,we,,actor guy handsome,3,YES,1,YES,death penalty,,We,,Guy Handsome
Train,389,"I saw Ashton Kutcher in a prescription drug commercial, therefore it has to be an effective drug.",Fallacy of Credibility,prescription drug commercial,,effective drug,,ashton kutcher,3,YES,3,YES,prescription drug,,effective,,Ashton Kutcher
Train,390,"As a police officer who has worked for the city for 15 years, I have been a witness to distracted drivers and something needs to be done.",Fallacy of Credibility,,,,,,5,NO,2,YES,something needs to be done,,distracted drivers,,police officer who has worked for the city for 15 years
Train,391,SM 10: Local talk show host saying we are on the verge of a nuclear war leading to sitting in a basement for months.,Fallacy of Credibility,sitting in a basement for months,,nuclear war,,local talk show host,4,YES,4,YES,nuclear war,,sitting in a basement for months,,local talk show host
Train,392,"X has been around for years now.
 Y is new.
 Therefore, Y is better than X.",Fallacy of Credibility,,,,,,5,NO,5,NO,,,,,
Train,393,"Lebron James, one of the most decorated basketball players of all time, says you need to eat breakfast so you need to eat breakfast",Fallacy of Credibility,eat breakfast,,you,,lebron james,3,YES,3,YES,eat breakfast,,you,,Lebron James
Train,394,We should abolish the death penalty. Even Taylor Swift is opposed to it.,Fallacy of Credibility,abolish death penalty,,we,,taylor swift,3,YES,1,YES,abolish the death penalty,,We,,Taylor Swift is opposed to it
Train,395,"My dad went to school, so he knows everything about the education system.",Fallacy of Credibility,,,,,,5,NO,5,NO,,,,,
Train,396,Because doctors smoke it must be a healthy choice.,Fallacy of Credibility,smoke,,healthy,,doctors,3,YES,3,YES,smoke,,healthy choice,,doctors smoke
Train,397,"Because Martin Sheen played the president on television, he'd probably make a great president in real life.",Fallacy of Credibility,played the president on television,,great president in real life,,martin sheen,3,YES,5,NO,,,,,
Train,398,"Iâ€™m not a doctor, but I play a doctor on TV, and I wouldnâ€™t dream of using anything but Tylenol for my toughest headaches.",Fallacy of Credibility,tylenol,,headaches,,play doctor on tv,3,YES,2,YES,Tylenol,,toughest headaches,,I
Train,399,â€œfour out of five dentists agree that brushing your teeth makes your life meaningfulâ€,Fallacy of Credibility,brushing your teeth,,life meaningful,,four dentists,3,YES,3,YES,brushing your teeth,,life,,four out of five dentists
Train,400,"Michael Jordan wears Hanes underwear, so you should too!",Fallacy of Credibility,hanes underwear,,you,,michael jordan,3,YES,3,YES,Hanes underwear,,you,,Michael Jordan